,age,campaign
0,30,2
1,39,4
2,25,1
3,38,3
4,47,1
5,32,3
6,32,4
7,41,2
8,31,1
9,35,1
10,25,1
11,36,1
12,36,2
13,47,2
14,29,2
15,27,2
16,44,6
17,46,4
18,45,2
19,50,1
20,55,6
21,39,1
22,29,3
23,40,1
24,44,7
25,38,1
26,36,1
27,28,2
28,47,1
29,34,1
30,38,1
31,33,3
32,51,2
33,30,1
34,48,7
35,28,1
36,36,1
37,46,1
38,31,1
39,20,3
40,35,1
41,38,1
42,76,1
43,45,3
44,32,1
45,39,2
46,32,1
47,29,2
48,44,2
49,32,3
50,56,1
51,33,1
52,39,3
53,24,2
54,33,1
55,58,2
56,29,27
57,31,1
58,27,5
59,60,1
60,55,1
61,37,2
62,52,1
63,46,1
64,42,2
65,35,3
66,49,1
67,29,3
68,32,2
69,37,1
70,39,4
71,51,3
72,28,3
73,34,4
74,31,1
75,31,5
76,31,2
77,38,2
78,33,6
79,32,12
80,54,1
81,41,2
82,59,7
83,57,1
84,38,1
85,46,1
86,37,1
87,47,3
88,45,1
89,36,1
90,40,5
91,38,2
92,44,2
93,25,2
94,30,5
95,43,2
96,58,3
97,31,6
98,53,2
99,52,1
100,37,1
101,58,1
102,37,3
103,38,1
104,33,2
105,45,1
106,44,1
107,38,2
108,34,1
109,47,1
110,59,1
111,51,2
112,31,2
113,56,1
114,39,2
115,41,1
116,41,1
117,53,4
118,35,4
119,58,1
120,25,2
121,35,1
122,28,1
123,55,3
124,54,1
125,45,2
126,32,1
127,50,3
128,75,1
129,33,4
130,29,2
131,45,1
132,38,1
133,24,1
134,41,1
135,58,1
136,34,2
137,34,2
138,37,1
139,53,1
140,54,14
141,32,1
142,42,6
143,28,2
144,33,1
145,41,2
146,31,1
147,40,4
148,53,1
149,40,1
150,82,3
151,28,1
152,30,3
153,31,1
154,32,1
155,54,1
156,31,1
157,50,2
158,47,2
159,31,1
160,32,1
161,46,2
162,47,2
163,32,2
164,52,1
165,45,3
166,32,2
167,71,1
168,49,2
169,46,10
170,46,1
171,38,6
172,57,2
173,41,2
174,44,3
175,47,7
176,40,2
177,57,1
178,27,1
179,52,1
180,34,1
181,42,1
182,51,3
183,45,1
184,56,1
185,41,1
186,44,1
187,50,3
188,54,3
189,51,1
190,30,1
191,42,8
192,41,11
193,47,2
194,35,1
195,58,1
196,50,2
197,41,1
198,38,1
199,32,2
200,21,1
201,46,1
202,42,3
203,55,13
204,29,1
205,30,1
206,53,1
207,35,2
208,46,4
209,30,2
210,43,1
211,42,4
212,32,1
213,41,1
214,28,3
215,24,6
216,43,1
217,30,1
218,55,2
219,51,1
220,22,2
221,32,1
222,43,3
223,39,5
224,52,8
225,38,3
226,59,4
227,31,2
228,76,4
229,44,3
230,30,2
231,32,1
232,41,3
233,33,4
234,59,1
235,28,3
236,33,2
237,53,1
238,41,6
239,55,1
240,45,1
241,35,4
242,31,3
243,53,4
244,35,1
245,45,1
246,34,2
247,42,3
248,36,3
249,44,3
250,50,2
251,36,1
252,27,9
253,40,3
254,25,6
255,29,2
256,44,3
257,57,2
258,30,1
259,37,2
260,57,1
261,32,1
262,54,2
263,58,1
264,29,5
265,60,1
266,27,2
267,30,3
268,42,1
269,48,1
270,35,2
271,46,1
272,57,1
273,30,3
274,28,4
275,34,1
276,42,1
277,30,1
278,27,1
279,23,1
280,43,1
281,59,1
282,31,1
283,43,2
284,52,2
285,26,1
286,24,6
287,35,1
288,59,4
289,28,1
290,37,2
291,46,1
292,26,3
293,40,6
294,56,2
295,40,1
296,29,2
297,28,1
298,48,7
299,28,1
300,33,4
301,56,1
302,57,4
303,24,1
304,39,2
305,40,1
306,54,3
307,25,2
308,36,3
309,48,1
310,32,1
311,48,2
312,30,3
313,41,2
314,54,1
315,29,1
316,28,2
317,30,2
318,54,3
319,33,1
320,38,1
321,46,8
322,38,3
323,38,1
324,33,1
325,25,1
326,29,10
327,60,15
328,57,2
329,36,1
330,54,5
331,25,3
332,41,4
333,54,1
334,39,1
335,55,1
336,40,3
337,43,1
338,81,2
339,43,1
340,34,1
341,42,1
342,30,2
343,24,2
344,51,5
345,42,5
346,51,7
347,38,3
348,45,1
349,51,1
350,44,6
351,52,1
352,49,1
353,49,1
354,52,4
355,32,4
356,27,3
357,44,8
358,33,7
359,30,2
360,32,1
361,36,3
362,49,1
363,48,2
364,48,8
365,42,2
366,28,3
367,52,1
368,23,2
369,36,1
370,43,2
371,31,1
372,49,2
373,36,3
374,47,2
375,31,7
376,46,1
377,54,3
378,35,3
379,37,10
380,44,1
381,30,1
382,33,5
383,57,3
384,39,4
385,43,2
386,32,2
387,29,2
388,35,2
389,47,2
390,37,1
391,35,1
392,37,1
393,36,2
394,50,1
395,30,1
396,33,1
397,37,6
398,45,1
399,30,2
400,51,2
401,49,10
402,31,5
403,40,1
404,41,2
405,58,1
406,49,1
407,39,1
408,48,1
409,50,2
410,54,3
411,38,1
412,51,2
413,36,4
414,35,2
415,44,1
416,43,1
417,30,7
418,41,1
419,27,2
420,45,2
421,26,3
422,36,2
423,24,1
424,46,6
425,61,1
426,50,4
427,49,9
428,55,1
429,54,2
430,40,3
431,58,1
432,58,1
433,36,1
434,30,1
435,45,1
436,40,1
437,42,2
438,43,7
439,24,1
440,49,3
441,55,1
442,49,1
443,48,1
444,49,1
445,40,1
446,35,2
447,32,11
448,67,2
449,41,4
450,73,1
451,32,7
452,33,3
453,36,4
454,40,1
455,25,2
456,60,2
457,45,1
458,33,2
459,31,7
460,48,2
461,42,1
462,40,3
463,30,1
464,41,1
465,36,14
466,41,1
467,60,1
468,32,1
469,44,5
470,25,1
471,30,1
472,25,1
473,31,1
474,44,3
475,29,1
476,47,1
477,18,1
478,25,4
479,29,3
480,53,4
481,36,1
482,45,1
483,31,1
484,54,16
485,51,2
486,44,2
487,24,2
488,40,1
489,39,2
490,44,1
491,44,1
492,52,2
493,51,1
494,38,1
495,34,2
496,23,1
497,30,1
498,26,1
499,24,1
500,34,2
501,59,1
502,32,3
503,27,1
504,39,6
505,29,8
506,42,8
507,60,1
508,30,2
509,38,3
510,49,2
511,30,2
512,41,1
513,56,2
514,58,2
515,52,1
516,32,3
517,51,2
518,31,1
519,34,1
520,60,2
521,36,3
522,30,1
523,51,2
524,26,2
525,39,3
526,38,11
527,41,1
528,43,2
529,60,3
530,28,7
531,34,5
532,64,2
533,35,2
534,40,4
535,46,2
536,33,1
537,74,1
538,40,1
539,46,3
540,41,1
541,30,2
542,44,1
543,47,10
544,50,1
545,29,1
546,51,4
547,52,2
548,27,3
549,44,1
550,34,2
551,23,2
552,30,2
553,26,2
554,35,3
555,24,4
556,38,1
557,36,3
558,24,3
559,31,2
560,41,1
561,39,2
562,36,4
563,47,2
564,33,1
565,34,3
566,42,3
567,51,4
568,34,1
569,33,6
570,37,1
571,33,1
572,36,2
573,43,1
574,47,3
575,32,1
576,42,3
577,36,1
578,42,1
579,31,2
580,41,1
581,31,5
582,36,2
583,46,2
584,35,3
585,30,6
586,35,1
587,47,1
588,35,2
589,77,1
590,39,2
591,37,4
592,31,1
593,49,1
594,57,4
595,33,1
596,35,6
597,39,6
598,34,1
599,32,2
600,35,1
601,53,3
602,30,2
603,30,2
604,44,2
605,50,14
606,56,3
607,58,2
608,54,2
609,40,1
610,31,2
611,41,1
612,31,1
613,39,1
614,37,4
615,41,2
616,50,1
617,49,1
618,31,2
619,35,2
620,52,1
621,33,3
622,32,3
623,35,1
624,54,1
625,27,4
626,52,1
627,32,1
628,36,1
629,27,1
630,39,2
631,34,3
632,35,1
633,32,1
634,42,1
635,42,2
636,37,1
637,34,3
638,27,1
639,49,2
640,35,4
641,22,7
642,45,1
643,29,1
644,59,3
645,55,2
646,32,4
647,49,1
648,43,2
649,47,1
650,41,1
651,50,2
652,46,2
653,32,9
654,47,3
655,54,2
656,29,3
657,33,6
658,31,3
659,27,2
660,25,1
661,34,1
662,35,5
663,37,1
664,34,3
665,33,3
666,54,4
667,30,1
668,40,2
669,37,2
670,34,1
671,25,10
672,59,18
673,25,1
674,58,2
675,42,1
676,33,1
677,50,1
678,39,1
679,30,4
680,33,1
681,33,1
682,41,2
683,36,4
684,44,1
685,57,4
686,40,2
687,42,9
688,41,17
689,41,1
690,33,1
691,32,5
692,45,2
693,29,3
694,35,1
695,35,2
696,86,1
697,45,2
698,34,2
699,41,2
700,50,1
701,28,1
702,33,2
703,42,1
704,43,3
705,42,1
706,56,1
707,29,1
708,31,3
709,31,2
710,28,1
711,43,1
712,44,1
713,43,22
714,41,1
715,31,1
716,59,9
717,32,4
718,24,1
719,31,2
720,38,4
721,37,1
722,33,4
723,27,4
724,34,1
725,46,1
726,30,1
727,31,8
728,56,1
729,52,1
730,30,2
731,34,3
732,31,1
733,33,1
734,33,1
735,30,13
736,28,1
737,24,4
738,41,2
739,26,4
740,40,4
741,45,4
742,42,2
743,41,2
744,56,2
745,25,3
746,25,1
747,33,1
748,34,1
749,36,1
750,75,1
751,38,1
752,28,1
753,56,1
754,58,12
755,30,1
756,48,1
757,30,6
758,43,2
759,33,2
760,36,2
761,54,3
762,29,1
763,28,6
764,59,1
765,45,4
766,32,13
767,55,2
768,29,1
769,31,2
770,34,1
771,25,2
772,35,1
773,49,6
774,35,1
775,36,1
776,29,2
777,30,2
778,24,1
779,47,4
780,32,4
781,34,1
782,34,4
783,39,2
784,47,6
785,32,1
786,29,1
787,57,5
788,49,1
789,42,10
790,29,2
791,34,3
792,51,1
793,47,1
794,53,5
795,28,2
796,27,1
797,23,1
798,30,1
799,42,1
800,38,2
801,29,1
802,44,1
803,59,2
804,45,3
805,51,1
806,28,2
807,29,2
808,28,2
809,29,2
810,40,3
811,43,2
812,54,1
813,42,5
814,55,1
815,49,1
816,52,3
817,32,8
818,23,3
819,34,7
820,36,3
821,54,2
822,39,1
823,50,1
824,30,2
825,27,1
826,32,4
827,54,4
828,40,1
829,50,1
830,35,2
831,26,1
832,45,1
833,28,1
834,28,2
835,50,2
836,31,12
837,34,1
838,56,5
839,29,4
840,58,2
841,46,3
842,35,1
843,34,1
844,39,1
845,40,1
846,40,1
847,54,5
848,25,2
849,40,3
850,49,3
851,41,1
852,32,2
853,44,2
854,41,3
855,30,2
856,27,1
857,41,3
858,36,1
859,54,1
860,30,1
861,25,1
862,42,2
863,36,2
864,45,6
865,38,2
866,38,1
867,34,2
868,44,3
869,37,1
870,39,3
871,57,1
872,34,4
873,25,1
874,52,2
875,23,1
876,57,1
877,50,1
878,46,1
879,43,3
880,38,2
881,53,2
882,35,1
883,28,1
884,25,1
885,56,5
886,56,19
887,33,5
888,31,1
889,48,1
890,45,1
891,24,1
892,33,1
893,38,4
894,48,1
895,28,5
896,50,3
897,29,3
898,38,3
899,18,1
900,31,1
901,34,5
902,38,9
903,57,5
904,35,1
905,77,1
906,29,1
907,46,2
908,21,2
909,43,1
910,43,2
911,31,2
912,39,1
913,44,2
914,32,1
915,43,1
916,48,1
917,28,1
918,36,1
919,52,5
920,34,3
921,37,4
922,25,1
923,48,1
924,36,4
925,27,1
926,34,2
927,42,1
928,37,1
929,41,2
930,51,1
931,27,3
932,35,1
933,31,1
934,31,1
935,31,6
936,64,4
937,33,6
938,41,2
939,34,1
940,41,1
941,36,1
942,59,8
943,56,3
944,59,3
945,32,1
946,40,3
947,38,1
948,34,2
949,41,2
950,33,1
951,31,2
952,29,4
953,38,5
954,24,1
955,34,11
956,27,1
957,32,1
958,49,2
959,36,1
960,46,1
961,47,1
962,37,3
963,31,2
964,36,4
965,30,2
966,32,1
967,54,1
968,51,1
969,28,1
970,54,1
971,31,13
972,57,1
973,49,1
974,45,3
975,33,8
976,53,1
977,26,2
978,31,2
979,32,3
980,29,1
981,31,1
982,29,4
983,49,3
984,26,7
985,43,1
986,56,4
987,29,3
988,31,5
989,50,3
990,37,6
991,42,1
992,30,1
993,25,3
994,35,1
995,37,1
996,30,3
997,33,2
998,36,2
999,46,3
1000,51,2
1001,33,2
1002,26,3
1003,40,6
1004,25,3
1005,38,1
1006,54,1
1007,50,1
1008,36,6
1009,43,2
1010,57,2
1011,38,1
1012,27,2
1013,35,1
1014,28,2
1015,57,1
1016,40,5
1017,43,2
1018,34,1
1019,67,2
1020,48,1
1021,35,4
1022,27,1
1023,25,1
1024,42,2
1025,47,2
1026,49,2
1027,36,1
1028,35,3
1029,29,1
1030,45,3
1031,53,1
1032,41,3
1033,50,17
1034,31,2
1035,46,3
1036,36,4
1037,43,1
1038,48,1
1039,31,2
1040,21,2
1041,56,1
1042,54,3
1043,44,2
1044,31,1
1045,50,2
1046,48,1
1047,26,2
1048,37,2
1049,37,1
1050,50,1
1051,47,5
1052,41,1
1053,32,17
1054,38,2
1055,48,1
1056,46,2
1057,48,2
1058,38,3
1059,38,2
1060,55,4
1061,27,3
1062,28,3
1063,29,1
1064,47,2
1065,34,3
1066,51,2
1067,40,1
1068,38,1
1069,42,1
1070,30,3
1071,36,1
1072,33,1
1073,47,3
1074,33,2
1075,30,3
1076,54,2
1077,47,1
1078,32,1
1079,32,2
1080,38,1
1081,38,2
1082,38,10
1083,53,7
1084,26,3
1085,27,2
1086,38,1
1087,41,2
1088,39,1
1089,48,2
1090,32,6
1091,35,1
1092,51,1
1093,35,5
1094,60,4
1095,28,2
1096,52,1
1097,35,2
1098,27,1
1099,34,1
1100,36,1
1101,28,1
1102,32,1
1103,49,3
1104,55,2
1105,50,1
1106,37,4
1107,35,3
1108,58,1
1109,32,5
1110,35,1
1111,35,4
1112,26,3
1113,47,4
1114,29,1
1115,37,1
1116,32,11
1117,46,2
1118,36,5
1119,35,4
1120,31,2
1121,29,2
1122,46,2
1123,85,2
1124,29,1
1125,31,2
1126,34,1
1127,29,1
1128,46,7
1129,29,1
1130,54,3
1131,26,5
1132,27,1
1133,57,5
1134,32,5
1135,35,1
1136,32,2
1137,59,4
1138,29,1
1139,37,1
1140,40,5
1141,55,1
1142,33,3
1143,36,3
1144,59,4
1145,34,3
1146,30,2
1147,29,7
1148,34,2
1149,47,1
1150,41,2
1151,30,1
1152,33,1
1153,33,6
1154,33,1
1155,59,1
1156,29,3
1157,36,1
1158,41,2
1159,55,1
1160,39,2
1161,48,6
1162,56,5
1163,63,1
1164,50,1
1165,42,3
1166,43,1
1167,32,1
1168,28,1
1169,26,2
1170,24,1
1171,38,1
1172,30,1
1173,29,9
1174,56,2
1175,36,3
1176,33,4
1177,47,2
1178,50,1
1179,41,1
1180,54,2
1181,32,3
1182,38,1
1183,34,2
1184,34,3
1185,55,3
1186,31,2
1187,43,1
1188,59,9
1189,53,2
1190,56,1
1191,32,1
1192,36,3
1193,42,5
1194,29,2
1195,33,6
1196,56,2
1197,31,1
1198,34,3
1199,33,7
1200,23,6
1201,26,3
1202,55,6
1203,47,6
1204,36,5
1205,33,2
1206,60,2
1207,49,2
1208,35,1
1209,47,1
1210,30,1
1211,27,2
1212,36,1
1213,46,3
1214,30,1
1215,88,2
1216,45,12
1217,30,6
1218,43,2
1219,48,17
1220,56,1
1221,42,1
1222,30,1
1223,56,5
1224,35,2
1225,39,1
1226,49,1
1227,30,2
1228,39,9
1229,32,2
1230,59,3
1231,38,1
1232,49,1
1233,28,3
1234,39,4
1235,37,1
1236,51,3
1237,31,1
1238,59,1
1239,46,2
1240,36,1
1241,28,5
1242,31,4
1243,26,1
1244,36,8
1245,50,3
1246,41,1
1247,50,7
1248,32,3
1249,56,3
1250,42,1
1251,38,2
1252,36,5
1253,45,8
1254,52,4
1255,55,1
1256,38,1
1257,71,1
1258,22,1
1259,30,2
1260,78,2
1261,30,1
1262,51,2
1263,35,3
1264,26,2
1265,34,14
1266,49,1
1267,50,5
1268,51,1
1269,57,1
1270,33,2
1271,35,3
1272,37,2
1273,39,1
1274,39,2
1275,20,2
1276,55,1
1277,27,1
1278,33,2
1279,24,1
1280,39,1
1281,55,3
1282,35,2
1283,55,4
1284,42,1
1285,50,4
1286,39,1
1287,40,1
1288,51,3
1289,59,1
1290,54,3
1291,42,5
1292,33,1
1293,26,6
1294,27,1
1295,30,1
1296,42,3
1297,53,1
1298,36,1
1299,29,2
1300,45,3
1301,35,5
1302,33,1
1303,38,11
1304,29,3
1305,32,1
1306,34,3
1307,36,1
1308,51,17
1309,34,1
1310,50,2
1311,54,6
1312,53,4
1313,52,1
1314,71,1
1315,52,3
1316,53,1
1317,36,2
1318,43,1
1319,31,2
1320,58,3
1321,46,3
1322,38,1
1323,34,1
1324,37,3
1325,40,4
1326,42,1
1327,40,1
1328,27,13
1329,57,1
1330,45,1
1331,46,2
1332,47,3
1333,56,2
1334,32,1
1335,54,1
1336,58,5
1337,30,1
1338,39,1
1339,41,2
1340,32,4
1341,32,1
1342,29,3
1343,43,2
1344,41,3
1345,30,2
1346,28,4
1347,35,1
1348,44,1
1349,25,4
1350,47,1
1351,32,1
1352,26,1
1353,35,2
1354,34,1
1355,57,1
1356,38,1
1357,33,2
1358,32,2
1359,47,1
1360,34,2
1361,36,2
1362,28,1
1363,72,1
1364,27,6
1365,43,2
1366,39,1
1367,27,4
1368,35,1
1369,34,1
1370,36,2
1371,39,2
1372,35,4
1373,56,3
1374,31,2
1375,31,1
1376,45,3
1377,20,2
1378,42,3
1379,39,1
1380,45,2
1381,50,15
1382,29,6
1383,38,4
1384,34,1
1385,36,6
1386,35,13
1387,41,1
1388,42,1
1389,39,1
1390,34,3
1391,52,2
1392,47,3
1393,59,4
1394,37,1
1395,33,4
1396,35,2
1397,33,2
1398,40,1
1399,39,1
1400,32,1
1401,29,6
1402,32,1
1403,35,2
1404,36,2
1405,38,1
1406,32,7
1407,32,1
1408,34,4
1409,42,1
1410,28,1
1411,53,1
1412,27,2
1413,43,1
1414,51,1
1415,35,2
1416,42,1
1417,36,2
1418,35,4
1419,38,1
1420,45,2
1421,24,3
1422,30,1
1423,31,2
1424,30,2
1425,68,2
1426,50,1
1427,32,8
1428,55,1
1429,31,2
1430,55,1
1431,37,3
1432,41,3
1433,34,3
1434,33,1
1435,42,2
1436,56,9
1437,46,1
1438,42,1
1439,33,2
1440,53,1
1441,43,5
1442,52,2
1443,40,2
1444,49,3
1445,41,13
1446,26,3
1447,39,2
1448,33,7
1449,36,2
1450,33,1
1451,36,2
1452,61,2
1453,40,1
1454,31,2
1455,41,2
1456,39,8
1457,39,17
1458,38,2
1459,47,1
1460,24,3
1461,45,1
1462,34,7
1463,51,2
1464,53,2
1465,24,1
1466,24,5
1467,35,1
1468,71,1
1469,27,1
1470,32,1
1471,56,2
1472,35,1
1473,35,1
1474,38,1
1475,52,1
1476,27,1
1477,35,2
1478,40,1
1479,38,5
1480,32,4
1481,35,1
1482,28,2
1483,25,2
1484,28,1
1485,31,1
1486,38,1
1487,53,1
1488,32,17
1489,73,2
1490,34,1
1491,64,3
1492,41,1
1493,51,1
1494,34,2
1495,50,2
1496,39,4
1497,34,1
1498,37,2
1499,40,3
1500,38,1
1501,41,4
1502,38,3
1503,47,3
1504,23,2
1505,30,11
1506,49,1
1507,51,1
1508,36,2
1509,49,3
1510,21,1
1511,34,2
1512,45,2
1513,54,1
1514,34,3
1515,36,1
1516,45,4
1517,37,1
1518,32,2
1519,51,1
1520,35,3
1521,36,8
1522,32,3
1523,34,1
1524,51,1
1525,24,1
1526,37,2
1527,37,4
1528,56,3
1529,27,1
1530,59,4
1531,54,2
1532,34,3
1533,36,3
1534,54,3
1535,30,4
1536,37,2
1537,46,4
1538,50,2
1539,35,2
1540,78,1
1541,27,3
1542,55,1
1543,51,1
1544,41,2
1545,54,1
1546,46,1
1547,30,2
1548,33,1
1549,38,1
1550,36,1
1551,36,1
1552,46,3
1553,40,5
1554,38,1
1555,35,3
1556,55,4
1557,49,2
1558,36,1
1559,42,7
1560,48,6
1561,40,2
1562,53,2
1563,42,2
1564,40,1
1565,38,2
1566,34,1
1567,36,8
1568,38,3
1569,32,1
1570,32,4
1571,49,1
1572,35,1
1573,38,1
1574,38,2
1575,28,1
1576,26,1
1577,27,1
1578,59,1
1579,26,3
1580,38,1
1581,39,2
1582,30,4
1583,40,2
1584,37,7
1585,31,2
1586,47,2
1587,54,1
1588,32,2
1589,41,1
1590,55,3
1591,80,1
1592,29,2
1593,32,1
1594,47,3
1595,49,5
1596,33,1
1597,51,2
1598,40,2
1599,44,4
1600,28,4
1601,46,3
1602,46,11
1603,52,4
1604,25,2
1605,31,3
1606,38,3
1607,52,1
1608,39,3
1609,44,2
1610,39,1
1611,54,3
1612,55,2
1613,46,2
1614,55,1
1615,45,4
1616,29,2
1617,46,3
1618,50,1
1619,39,5
1620,50,4
1621,34,1
1622,36,3
1623,29,5
1624,43,1
1625,42,3
1626,51,1
1627,26,1
1628,31,3
1629,47,1
1630,54,1
1631,40,6
1632,29,3
1633,39,2
1634,55,2
1635,43,2
1636,26,1
1637,33,2
1638,42,2
1639,36,2
1640,33,3
1641,36,7
1642,45,1
1643,39,2
1644,36,1
1645,28,4
1646,38,1
1647,49,4
1648,38,17
1649,36,2
1650,51,3
1651,57,4
1652,44,1
1653,27,2
1654,58,5
1655,28,3
1656,41,2
1657,34,2
1658,29,2
1659,55,1
1660,37,2
1661,18,1
1662,39,1
1663,36,2
1664,34,1
1665,35,1
1666,36,2
1667,55,1
1668,50,3
1669,37,4
1670,24,1
1671,57,5
1672,59,2
1673,32,2
1674,36,4
1675,48,2
1676,33,3
1677,43,3
1678,39,4
1679,26,3
1680,47,1
1681,24,5
1682,35,1
1683,26,2
1684,31,9
1685,33,1
1686,53,3
1687,43,1
1688,34,1
1689,41,1
1690,33,2
1691,33,4
1692,47,2
1693,29,3
1694,25,2
1695,35,4
1696,29,1
1697,57,1
1698,49,5
1699,35,1
1700,31,2
1701,43,1
1702,34,1
1703,38,1
1704,43,4
1705,38,1
1706,46,1
1707,39,2
1708,47,2
1709,25,2
1710,38,1
1711,36,2
1712,30,1
1713,34,1
1714,47,4
1715,46,1
1716,45,1
1717,38,2
1718,30,1
1719,31,2
1720,52,5
1721,48,2
1722,27,3
1723,43,1
1724,45,1
1725,32,2
1726,30,2
1727,60,3
1728,32,2
1729,32,1
1730,54,2
1731,53,3
1732,36,1
1733,27,2
1734,29,1
1735,55,7
1736,38,3
1737,28,1
1738,37,2
1739,37,1
1740,30,1
1741,32,1
1742,43,1
1743,35,3
1744,47,1
1745,42,1
1746,39,2
1747,41,1
1748,38,3
1749,29,2
1750,33,11
1751,41,1
1752,45,1
1753,35,3
1754,56,1
1755,30,1
1756,41,2
1757,41,2
1758,31,5
1759,29,1
1760,38,1
1761,48,2
1762,24,3
1763,53,1
1764,56,7
1765,32,1
1766,29,2
1767,32,1
1768,28,6
1769,33,1
1770,28,1
1771,43,5
1772,54,1
1773,31,2
1774,36,1
1775,56,1
1776,45,1
1777,54,1
1778,48,2
1779,60,1
1780,35,5
1781,27,1
1782,51,1
1783,40,2
1784,36,2
1785,34,1
1786,44,5
1787,37,2
1788,46,1
1789,52,2
1790,23,5
1791,39,6
1792,34,1
1793,36,1
1794,43,1
1795,45,4
1796,86,1
1797,34,1
1798,37,2
1799,32,1
1800,37,1
1801,66,1
1802,32,5
1803,35,4
1804,30,4
1805,33,1
1806,57,1
1807,57,1
1808,47,6
1809,56,2
1810,38,1
1811,40,10
1812,59,1
1813,31,1
1814,34,1
1815,28,1
1816,40,9
1817,42,1
1818,49,4
1819,48,1
1820,41,8
1821,37,1
1822,39,1
1823,42,8
1824,32,1
1825,47,1
1826,35,1
1827,60,1
1828,30,11
1829,54,6
1830,39,1
1831,61,3
1832,43,3
1833,32,1
1834,48,1
1835,37,3
1836,34,3
1837,41,7
1838,36,1
1839,33,1
1840,36,11
1841,58,1
1842,40,3
1843,36,2
1844,49,4
1845,45,1
1846,36,1
1847,32,1
1848,55,9
1849,28,1
1850,76,1
1851,46,2
1852,28,1
1853,30,3
1854,52,3
1855,42,1
1856,51,10
1857,29,1
1858,47,2
1859,56,2
1860,33,1
1861,38,3
1862,32,2
1863,31,2
1864,35,6
1865,41,3
1866,41,1
1867,30,2
1868,36,5
1869,38,5
1870,28,1
1871,35,1
1872,42,1
1873,40,1
1874,31,3
1875,39,1
1876,37,4
1877,52,1
1878,33,1
1879,37,3
1880,34,16
1881,32,8
1882,56,6
1883,47,2
1884,41,2
1885,34,1
1886,35,1
1887,19,4
1888,28,1
1889,41,1
1890,27,5
1891,36,3
1892,35,2
1893,32,1
1894,43,3
1895,42,2
1896,30,1
1897,34,1
1898,26,2
1899,30,1
1900,61,2
1901,48,2
1902,38,3
1903,50,2
1904,32,2
1905,36,3
1906,28,10
1907,35,5
1908,37,3
1909,48,1
1910,35,1
1911,47,2
1912,29,2
1913,53,4
1914,27,4
1915,28,6
1916,52,1
1917,39,1
1918,56,4
1919,39,1
1920,33,10
1921,53,1
1922,32,2
1923,29,2
1924,36,7
1925,24,2
1926,49,4
1927,28,1
1928,51,2
1929,33,1
1930,34,1
1931,35,2
1932,39,1
1933,34,3
1934,29,1
1935,49,1
1936,32,7
1937,53,4
1938,51,1
1939,37,3
1940,29,7
1941,51,2
1942,30,2
1943,41,2
1944,39,1
1945,27,1
1946,26,1
1947,31,1
1948,49,8
1949,47,1
1950,39,4
1951,56,2
1952,42,1
1953,44,1
1954,52,1
1955,25,1
1956,36,1
1957,41,1
1958,37,2
1959,38,2
1960,34,1
1961,31,1
1962,39,2
1963,36,2
1964,38,4
1965,39,2
1966,32,1
1967,51,2
1968,52,2
1969,55,1
1970,35,2
1971,41,1
1972,29,13
1973,38,1
1974,51,2
1975,35,2
1976,34,2
1977,47,1
1978,32,2
1979,39,1
1980,56,3
1981,31,2
1982,46,5
1983,44,3
1984,36,1
1985,31,1
1986,37,3
1987,32,2
1988,48,1
1989,51,1
1990,30,4
1991,37,1
1992,38,1
1993,36,2
1994,55,1
1995,51,2
1996,42,6
1997,29,1
1998,59,1
1999,31,17
2000,31,2
2001,34,1
2002,37,3
2003,25,19
2004,34,3
2005,37,3
2006,26,1
2007,24,4
2008,37,1
2009,28,1
2010,31,1
2011,32,2
2012,52,1
2013,41,2
2014,36,1
2015,32,1
2016,24,1
2017,48,1
2018,57,1
2019,36,1
2020,46,1
2021,55,4
2022,34,1
2023,37,1
2024,33,3
2025,29,3
2026,30,2
2027,33,1
2028,31,1
2029,47,3
2030,24,1
2031,30,4
2032,48,2
2033,29,1
2034,47,1
2035,32,3
2036,32,2
2037,48,1
2038,34,2
2039,42,1
2040,33,4
2041,28,2
2042,58,1
2043,43,3
2044,28,1
2045,37,1
2046,43,3
2047,30,1
2048,36,1
2049,50,1
2050,37,1
2051,30,3
2052,46,2
2053,34,1
2054,52,1
2055,54,7
2056,43,1
2057,35,3
2058,40,2
2059,32,3
2060,31,2
2061,41,1
2062,29,3
2063,53,4
2064,47,3
2065,51,1
2066,35,1
2067,51,2
2068,44,3
2069,59,2
2070,31,1
2071,31,2
2072,41,1
2073,32,1
2074,32,2
2075,56,2
2076,51,5
2077,53,1
2078,25,1
2079,33,1
2080,41,1
2081,28,2
2082,48,1
2083,28,2
2084,43,17
2085,29,2
2086,36,1
2087,30,8
2088,49,2
2089,55,1
2090,34,2
2091,29,1
2092,35,1
2093,40,3
2094,42,1
2095,34,1
2096,47,3
2097,39,4
2098,55,2
2099,44,1
2100,34,1
2101,45,1
2102,50,1
2103,55,1
2104,28,3
2105,30,1
2106,32,4
2107,31,1
2108,32,12
2109,39,5
2110,24,1
2111,57,2
2112,27,3
2113,44,2
2114,32,2
2115,37,2
2116,29,3
2117,31,1
2118,58,4
2119,32,1
2120,48,1
2121,42,2
2122,31,2
2123,41,3
2124,33,2
2125,45,5
2126,30,1
2127,30,3
2128,53,1
2129,32,4
2130,27,1
2131,46,6
2132,29,4
2133,43,1
2134,26,2
2135,47,3
2136,39,4
2137,29,8
2138,33,1
2139,56,1
2140,30,2
2141,32,1
2142,33,1
2143,49,3
2144,33,1
2145,58,1
2146,37,1
2147,48,1
2148,39,3
2149,53,1
2150,59,1
2151,40,1
2152,44,1
2153,39,1
2154,30,2
2155,48,7
2156,51,1
2157,29,1
2158,38,2
2159,30,4
2160,62,1
2161,30,4
2162,36,1
2163,32,3
2164,56,2
2165,39,1
2166,36,2
2167,36,1
2168,34,1
2169,21,1
2170,44,3
2171,31,4
2172,37,1
2173,37,2
2174,30,1
2175,47,2
2176,41,3
2177,33,1
2178,57,2
2179,29,5
2180,33,1
2181,40,4
2182,43,1
2183,27,2
2184,41,6
2185,58,1
2186,28,1
2187,55,2
2188,54,3
2189,56,3
2190,56,1
2191,40,1
2192,49,4
2193,30,4
2194,29,2
2195,31,1
2196,30,1
2197,34,4
2198,44,2
2199,32,1
2200,38,2
2201,37,2
2202,29,23
2203,30,12
2204,54,1
2205,43,2
2206,33,5
2207,32,1
2208,57,6
2209,29,2
2210,36,3
2211,48,1
2212,30,1
2213,45,1
2214,42,1
2215,31,2
2216,28,9
2217,53,3
2218,58,1
2219,32,2
2220,31,3
2221,53,1
2222,53,1
2223,32,1
2224,32,3
2225,43,2
2226,44,2
2227,45,3
2228,41,1
2229,64,1
2230,30,10
2231,31,1
2232,27,2
2233,38,3
2234,37,1
2235,50,1
2236,60,6
2237,50,2
2238,34,1
2239,45,2
2240,39,1
2241,36,1
2242,34,3
2243,31,1
2244,27,1
2245,35,1
2246,50,1
2247,53,2
2248,27,2
2249,57,1
2250,37,5
2251,59,16
2252,49,1
2253,32,2
2254,34,4
2255,25,2
2256,45,1
2257,34,1
2258,29,2
2259,53,2
2260,29,1
2261,39,1
2262,40,1
2263,27,1
2264,55,1
2265,32,1
2266,54,4
2267,39,1
2268,43,1
2269,41,1
2270,26,1
2271,52,3
2272,44,2
2273,38,3
2274,42,1
2275,44,2
2276,27,4
2277,28,2
2278,47,2
2279,34,6
2280,55,1
2281,34,1
2282,25,3
2283,31,1
2284,35,1
2285,50,4
2286,22,1
2287,48,1
2288,35,1
2289,34,2
2290,50,3
2291,25,1
2292,51,1
2293,32,1
2294,59,3
2295,37,1
2296,40,1
2297,26,1
2298,32,1
2299,33,1
2300,35,1
2301,32,12
2302,35,3
2303,31,1
2304,38,3
2305,30,3
2306,32,2
2307,44,3
2308,35,8
2309,48,4
2310,52,1
2311,41,1
2312,65,2
2313,43,2
2314,40,1
2315,30,1
2316,66,1
2317,44,1
2318,35,1
2319,57,2
2320,26,2
2321,39,1
2322,45,10
2323,35,2
2324,42,4
2325,36,1
2326,46,1
2327,35,3
2328,24,4
2329,50,5
2330,36,6
2331,39,1
2332,57,3
2333,42,4
2334,31,3
2335,41,3
2336,25,2
2337,58,6
2338,33,5
2339,42,4
2340,41,2
2341,49,1
2342,44,4
2343,52,1
2344,26,2
2345,43,2
2346,43,4
2347,26,2
2348,34,1
2349,24,2
2350,33,1
2351,38,8
2352,31,2
2353,32,1
2354,25,2
2355,26,5
2356,56,2
2357,38,9
2358,37,1
2359,22,1
2360,50,6
2361,34,1
2362,35,2
2363,48,7
2364,25,1
2365,39,1
2366,52,1
2367,48,1
2368,44,3
2369,30,2
2370,32,1
2371,52,1
2372,44,2
2373,29,3
2374,41,5
2375,26,2
2376,32,1
2377,31,2
2378,29,1
2379,58,3
2380,56,1
2381,23,3
2382,50,2
2383,29,1
2384,31,3
2385,48,1
2386,27,4
2387,24,1
2388,35,3
2389,42,1
2390,37,3
2391,33,3
2392,58,2
2393,54,1
2394,54,2
2395,39,1
2396,48,3
2397,34,5
2398,28,3
2399,30,1
2400,59,8
2401,29,2
2402,25,1
2403,47,1
2404,32,3
2405,30,1
2406,24,1
2407,58,1
2408,44,2
2409,36,2
2410,33,1
2411,31,6
2412,38,1
2413,35,4
2414,29,2
2415,58,1
2416,43,3
2417,55,5
2418,53,1
2419,38,3
2420,36,4
2421,56,2
2422,32,2
2423,48,2
2424,31,4
2425,50,1
2426,38,7
2427,34,16
2428,41,1
2429,51,1
2430,26,2
2431,34,3
2432,41,1
2433,41,1
2434,26,1
2435,32,1
2436,49,1
2437,39,2
2438,38,4
2439,52,2
2440,57,2
2441,38,5
2442,31,2
2443,57,3
2444,42,1
2445,32,1
2446,31,2
2447,32,1
2448,40,1
2449,58,2
2450,44,1
2451,46,1
2452,47,2
2453,44,1
2454,39,1
2455,38,2
2456,59,1
2457,49,1
2458,51,3
2459,55,2
2460,49,1
2461,44,1
2462,29,1
2463,49,1
2464,49,1
2465,45,3
2466,39,2
2467,35,2
2468,55,1
2469,30,2
2470,26,1
2471,37,1
2472,29,1
2473,54,1
2474,35,3
2475,41,2
2476,31,2
2477,30,7
2478,43,3
2479,31,8
2480,33,3
2481,30,4
2482,47,1
2483,32,3
2484,49,12
2485,41,24
2486,60,3
2487,42,1
2488,39,2
2489,52,1
2490,29,4
2491,40,1
2492,30,2
2493,38,1
2494,37,2
2495,60,3
2496,26,2
2497,37,1
2498,56,3
2499,44,2
2500,46,2
2501,59,1
2502,52,5
2503,40,4
2504,44,3
2505,35,1
2506,33,3
2507,38,2
2508,53,2
2509,56,1
2510,48,6
2511,45,2
2512,56,4
2513,48,1
2514,62,2
2515,24,3
2516,33,1
2517,49,2
2518,54,2
2519,57,1
2520,31,1
2521,51,1
2522,35,3
2523,50,1
2524,30,1
2525,30,2
2526,32,3
2527,45,7
2528,46,1
2529,48,4
2530,31,3
2531,40,2
2532,56,1
2533,42,1
2534,57,1
2535,47,6
2536,36,1
2537,53,1
2538,58,2
2539,36,1
2540,35,1
2541,34,4
2542,41,2
2543,30,1
2544,30,3
2545,37,9
2546,53,2
2547,34,2
2548,28,4
2549,29,1
2550,44,4
2551,56,2
2552,31,35
2553,40,3
2554,47,6
2555,37,1
2556,57,1
2557,37,3
2558,52,1
2559,34,3
2560,43,1
2561,34,2
2562,49,1
2563,25,3
2564,38,1
2565,40,1
2566,31,1
2567,29,1
2568,57,10
2569,38,1
2570,48,2
2571,32,1
2572,30,2
2573,52,2
2574,34,1
2575,60,2
2576,37,1
2577,47,5
2578,57,2
2579,28,3
2580,61,2
2581,33,1
2582,36,9
2583,53,4
2584,36,2
2585,31,1
2586,44,2
2587,37,1
2588,32,2
2589,44,3
2590,29,2
2591,37,1
2592,48,2
2593,33,2
2594,38,1
2595,41,3
2596,57,3
2597,35,3
2598,34,1
2599,50,2
2600,49,1
2601,28,1
2602,53,1
2603,52,2
2604,35,4
2605,65,1
2606,26,3
2607,56,3
2608,39,4
2609,23,3
2610,32,2
2611,35,1
2612,50,1
2613,52,2
2614,58,4
2615,37,1
2616,34,1
2617,54,3
2618,60,1
2619,30,1
2620,34,1
2621,30,3
2622,43,2
2623,37,3
2624,34,1
2625,30,1
2626,31,8
2627,41,2
2628,48,2
2629,21,1
2630,42,1
2631,38,1
2632,42,5
2633,40,1
2634,33,2
2635,37,1
2636,37,14
2637,38,1
2638,52,1
2639,44,3
2640,38,1
2641,24,1
2642,32,1
2643,32,1
2644,44,1
2645,39,3
2646,57,1
2647,50,1
2648,50,1
2649,36,4
2650,40,2
2651,47,1
2652,36,2
2653,33,1
2654,27,1
2655,60,2
2656,37,1
2657,35,1
2658,49,3
2659,40,5
2660,43,1
2661,47,1
2662,33,3
2663,40,1
2664,58,2
2665,46,5
2666,38,2
2667,47,1
2668,59,1
2669,35,1
2670,29,5
2671,50,1
2672,39,6
2673,32,4
2674,31,2
2675,24,6
2676,41,1
2677,22,2
2678,28,2
2679,41,3
2680,36,1
2681,53,1
2682,28,1
2683,62,1
2684,52,9
2685,28,1
2686,29,2
2687,39,6
2688,39,1
2689,60,1
2690,33,3
2691,32,2
2692,49,1
2693,31,3
2694,27,2
2695,38,2
2696,31,3
2697,40,4
2698,28,5
2699,56,1
2700,35,2
2701,56,2
2702,35,2
2703,46,1
2704,32,1
2705,45,1
2706,34,5
2707,56,1
2708,39,2
2709,24,1
2710,50,2
2711,43,7
2712,52,3
2713,59,4
2714,27,1
2715,33,1
2716,25,1
2717,47,5
2718,31,2
2719,43,1
2720,34,1
2721,50,1
2722,31,6
2723,45,1
2724,35,2
2725,59,1
2726,29,1
2727,28,2
2728,45,1
2729,47,2
2730,41,1
2731,42,3
2732,32,4
2733,32,2
2734,33,1
2735,43,1
2736,34,4
2737,59,6
2738,31,2
2739,24,1
2740,27,1
2741,37,2
2742,53,1
2743,31,4
2744,56,2
2745,35,1
2746,54,2
2747,39,2
2748,44,1
2749,49,3
2750,47,1
2751,30,4
2752,29,4
2753,39,3
2754,33,2
2755,32,1
2756,49,1
2757,32,1
2758,52,2
2759,28,2
2760,29,2
2761,47,1
2762,36,1
2763,23,4
2764,59,2
2765,45,3
2766,29,7
2767,74,6
2768,66,1
2769,46,1
2770,43,3
2771,46,2
2772,49,1
2773,28,3
2774,34,4
2775,43,2
2776,45,5
2777,46,1
2778,36,2
2779,44,1
2780,30,1
2781,42,2
2782,48,3
2783,34,1
2784,33,1
2785,40,3
2786,37,4
2787,30,1
2788,33,1
2789,32,2
2790,44,2
2791,58,1
2792,62,1
2793,42,4
2794,46,2
2795,37,3
2796,37,3
2797,46,1
2798,34,1
2799,46,1
2800,37,1
2801,47,12
2802,36,1
2803,32,1
2804,46,5
2805,51,2
2806,24,1
2807,53,3
2808,46,4
2809,51,2
2810,56,2
2811,35,5
2812,34,3
2813,38,4
2814,35,2
2815,32,9
2816,38,1
2817,44,8
2818,37,2
2819,59,3
2820,24,3
2821,35,1
2822,30,3
2823,33,2
2824,43,3
2825,41,3
2826,57,6
2827,49,1
2828,30,2
2829,45,1
2830,30,1
2831,41,1
2832,53,2
2833,29,1
2834,45,1
2835,24,1
2836,43,3
2837,45,2
2838,34,2
2839,35,2
2840,25,2
2841,58,1
2842,31,2
2843,30,3
2844,30,3
2845,37,1
2846,58,1
2847,34,2
2848,34,1
2849,43,7
2850,30,2
2851,35,4
2852,33,1
2853,45,4
2854,28,3
2855,29,2
2856,31,1
2857,27,1
2858,41,1
2859,29,1
2860,24,4
2861,34,1
2862,58,1
2863,52,1
2864,30,4
2865,39,2
2866,39,3
2867,32,3
2868,36,1
2869,30,2
2870,34,1
2871,34,3
2872,35,2
2873,39,1
2874,51,1
2875,29,3
2876,35,1
2877,46,2
2878,35,1
2879,23,1
2880,49,1
2881,33,1
2882,41,4
2883,48,2
2884,43,1
2885,76,1
2886,54,10
2887,43,1
2888,27,9
2889,55,2
2890,37,2
2891,29,1
2892,37,1
2893,30,9
2894,29,1
2895,30,2
2896,25,4
2897,34,1
2898,58,1
2899,26,2
2900,54,1
2901,51,1
2902,22,2
2903,48,1
2904,48,1
2905,53,1
2906,55,2
2907,59,2
2908,52,2
2909,36,3
2910,56,1
2911,35,1
2912,30,1
2913,45,2
2914,48,4
2915,36,5
2916,40,4
2917,32,1
2918,60,1
2919,37,4
2920,32,2
2921,58,1
2922,48,2
2923,31,2
2924,35,1
2925,41,1
2926,42,3
2927,55,2
2928,36,3
2929,29,1
2930,34,2
2931,55,2
2932,27,2
2933,32,1
2934,30,2
2935,39,2
2936,39,5
2937,39,2
2938,48,1
2939,33,1
2940,46,7
2941,51,2
2942,44,1
2943,26,1
2944,53,2
2945,42,2
2946,31,12
2947,32,1
2948,31,5
2949,31,3
2950,27,2
2951,50,1
2952,31,2
2953,39,2
2954,37,11
2955,58,2
2956,32,4
2957,43,4
2958,33,3
2959,29,2
2960,32,4
2961,42,1
2962,32,1
2963,29,2
2964,32,1
2965,51,4
2966,47,3
2967,36,2
2968,37,2
2969,48,2
2970,50,2
2971,40,1
2972,31,11
2973,39,12
2974,38,2
2975,58,1
2976,37,3
2977,34,2
2978,35,1
2979,39,1
2980,78,1
2981,43,1
2982,49,1
2983,32,2
2984,58,1
2985,42,1
2986,32,1
2987,31,2
2988,45,23
2989,43,3
2990,53,1
2991,42,1
2992,40,2
2993,41,1
2994,47,1
2995,53,13
2996,60,2
2997,32,1
2998,67,3
2999,49,5
3000,31,8
3001,31,1
3002,60,2
3003,33,2
3004,41,1
3005,45,1
3006,29,11
3007,39,2
3008,35,1
3009,33,2
3010,27,1
3011,32,1
3012,45,16
3013,36,3
3014,41,3
3015,40,2
3016,42,1
3017,31,2
3018,32,1
3019,32,4
3020,27,5
3021,35,1
3022,41,2
3023,45,1
3024,45,2
3025,44,4
3026,51,9
3027,50,3
3028,41,1
3029,29,1
3030,44,1
3031,30,4
3032,39,2
3033,39,1
3034,50,3
3035,43,1
3036,36,1
3037,80,1
3038,36,2
3039,29,2
3040,48,5
3041,51,4
3042,30,3
3043,24,2
3044,47,6
3045,36,1
3046,37,1
3047,31,1
3048,34,2
3049,69,3
3050,42,2
3051,34,3
3052,48,1
3053,41,4
3054,59,4
3055,50,2
3056,36,1
3057,38,1
3058,44,1
3059,35,2
3060,30,9
3061,32,2
3062,53,5
3063,36,2
3064,61,5
3065,51,3
3066,69,2
3067,30,1
3068,33,1
3069,53,3
3070,49,1
3071,35,1
3072,40,4
3073,42,1
3074,41,1
3075,31,1
3076,40,3
3077,53,2
3078,53,5
3079,48,3
3080,32,1
3081,27,3
3082,51,2
3083,39,1
3084,28,1
3085,31,1
3086,58,4
3087,54,1
3088,45,5
3089,36,1
3090,55,14
3091,51,2
3092,27,1
3093,41,1
3094,40,2
3095,28,1
3096,57,2
3097,37,5
3098,58,3
3099,34,2
3100,28,1
3101,57,1
3102,37,1
3103,37,3
3104,35,2
3105,42,3
3106,30,5
3107,25,2
3108,36,2
3109,49,3
3110,52,1
3111,31,1
3112,26,1
3113,56,1
3114,37,2
3115,32,3
3116,36,1
3117,36,11
3118,26,3
3119,48,1
3120,57,1
3121,45,1
3122,46,4
3123,38,1
3124,24,1
3125,38,2
3126,60,2
3127,44,3
3128,32,5
3129,38,2
3130,45,2
3131,44,1
3132,44,1
3133,31,2
3134,32,2
3135,45,2
3136,40,1
3137,45,1
3138,44,1
3139,43,1
3140,25,1
3141,47,1
3142,39,1
3143,32,2
3144,41,2
3145,58,2
3146,42,1
3147,50,3
3148,42,1
3149,53,4
3150,54,1
3151,31,2
3152,50,1
3153,48,1
3154,30,1
3155,43,2
3156,36,1
3157,37,5
3158,55,7
3159,47,1
3160,54,2
3161,26,2
3162,27,2
3163,32,3
3164,43,1
3165,26,1
3166,32,2
3167,32,3
3168,28,5
3169,33,3
3170,33,2
3171,42,1
3172,53,2
3173,70,1
3174,47,1
3175,43,2
3176,51,1
3177,34,1
3178,57,10
3179,30,1
3180,41,1
3181,36,3
3182,37,1
3183,28,1
3184,31,2
3185,58,1
3186,54,12
3187,48,1
3188,50,1
3189,38,12
3190,25,3
3191,37,5
3192,31,6
3193,28,1
3194,46,1
3195,31,1
3196,31,2
3197,30,2
3198,35,2
3199,30,2
3200,36,3
3201,34,1
3202,32,1
3203,43,2
3204,57,4
3205,41,3
3206,34,2
3207,32,2
3208,33,1
3209,46,1
3210,80,3
3211,45,2
3212,41,1
3213,49,1
3214,50,3
3215,34,1
3216,47,3
3217,47,1
3218,55,4
3219,46,2
3220,24,1
3221,32,12
3222,31,2
3223,31,1
3224,29,2
3225,48,7
3226,33,2
3227,43,9
3228,29,1
3229,47,4
3230,47,8
3231,33,1
3232,56,1
3233,33,1
3234,30,4
3235,36,1
3236,50,1
3237,45,5
3238,38,1
3239,31,2
3240,30,2
3241,39,29
3242,37,2
3243,45,3
3244,36,2
3245,22,4
3246,33,3
3247,37,1
3248,38,2
3249,53,1
3250,31,1
3251,44,2
3252,31,6
3253,43,1
3254,30,8
3255,47,1
3256,28,4
3257,33,1
3258,42,2
3259,45,7
3260,32,2
3261,41,2
3262,50,2
3263,42,2
3264,45,3
3265,52,2
3266,49,2
3267,39,1
3268,20,1
3269,36,1
3270,44,1
3271,34,2
3272,67,4
3273,42,1
3274,41,2
3275,37,1
3276,35,4
3277,34,1
3278,48,2
3279,46,3
3280,57,1
3281,54,2
3282,34,3
3283,29,2
3284,38,1
3285,27,1
3286,42,3
3287,35,2
3288,40,1
3289,44,7
3290,33,4
3291,54,1
3292,32,3
3293,47,4
3294,40,2
3295,30,4
3296,28,2
3297,40,3
3298,39,2
3299,27,1
3300,51,1
3301,39,1
3302,46,1
3303,49,2
3304,47,3
3305,32,2
3306,35,2
3307,27,4
3308,42,4
3309,35,1
3310,37,2
3311,48,1
3312,29,1
3313,50,1
3314,30,4
3315,58,1
3316,52,1
3317,32,1
3318,55,2
3319,49,12
3320,35,1
3321,41,2
3322,44,2
3323,35,3
3324,44,1
3325,27,1
3326,35,1
3327,33,2
3328,35,1
3329,32,4
3330,39,9
3331,53,4
3332,26,3
3333,25,7
3334,39,1
3335,33,2
3336,63,4
3337,59,3
3338,52,1
3339,25,2
3340,29,1
3341,48,2
3342,35,2
3343,39,1
3344,31,1
3345,28,1
3346,40,1
3347,39,3
3348,41,3
3349,39,1
3350,30,5
3351,40,1
3352,32,4
3353,37,2
3354,52,1
3355,28,1
3356,43,1
3357,31,1
3358,45,6
3359,47,7
3360,58,1
3361,33,1
3362,28,2
3363,47,2
3364,38,3
3365,60,2
3366,28,3
3367,33,2
3368,41,1
3369,33,1
3370,41,2
3371,30,1
3372,54,4
3373,46,1
3374,32,2
3375,42,2
3376,29,2
3377,41,4
3378,24,1
3379,44,3
3380,58,2
3381,31,2
3382,34,1
3383,44,1
3384,59,2
3385,34,2
3386,48,1
3387,47,1
3388,54,4
3389,44,1
3390,31,4
3391,34,2
3392,29,1
3393,38,3
3394,56,2
3395,26,2
3396,31,3
3397,31,1
3398,57,9
3399,36,3
3400,43,2
3401,46,1
3402,24,1
3403,37,1
3404,33,1
3405,41,3
3406,53,3
3407,51,1
3408,36,5
3409,47,3
3410,44,3
3411,45,1
3412,38,1
3413,36,3
3414,30,2
3415,55,5
3416,45,1
3417,58,1
3418,33,11
3419,36,7
3420,33,1
3421,44,1
3422,30,2
3423,25,2
3424,56,1
3425,31,1
3426,32,6
3427,31,2
3428,36,1
3429,41,1
3430,55,4
3431,57,1
3432,34,3
3433,30,12
3434,40,2
3435,41,1
3436,53,1
3437,35,6
3438,59,5
3439,41,4
3440,35,3
3441,41,4
3442,32,2
3443,46,1
3444,60,13
3445,34,1
3446,48,1
3447,50,2
3448,43,10
3449,46,2
3450,50,1
3451,30,1
3452,44,1
3453,37,3
3454,23,3
3455,32,1
3456,36,1
3457,40,1
3458,53,2
3459,53,2
3460,34,4
3461,34,1
3462,41,3
3463,48,7
3464,47,2
3465,39,3
3466,50,2
3467,38,1
3468,37,1
3469,29,2
3470,24,1
3471,46,1
3472,35,9
3473,32,1
3474,33,4
3475,58,3
3476,36,2
3477,41,3
3478,33,1
3479,29,5
3480,51,1
3481,52,1
3482,44,3
3483,42,6
3484,43,1
3485,32,1
3486,32,2
3487,38,1
3488,32,1
3489,31,3
3490,37,3
3491,43,1
3492,30,4
3493,34,4
3494,36,2
3495,29,2
3496,52,1
3497,54,3
3498,31,3
3499,37,10
3500,40,3
3501,43,5
3502,35,1
3503,37,1
3504,35,6
3505,53,2
3506,55,1
3507,40,1
3508,28,1
3509,39,4
3510,41,1
3511,46,3
3512,52,1
3513,44,1
3514,31,2
3515,31,2
3516,31,1
3517,35,4
3518,58,1
3519,38,2
3520,51,1
3521,36,1
3522,47,3
3523,49,1
3524,39,1
3525,33,3
3526,66,1
3527,36,1
3528,46,3
3529,44,2
3530,50,7
3531,32,1
3532,52,1
3533,26,4
3534,30,1
3535,34,2
3536,30,1
3537,56,2
3538,33,2
3539,31,17
3540,47,1
3541,46,3
3542,54,2
3543,30,2
3544,40,9
3545,45,4
3546,45,1
3547,55,3
3548,30,2
3549,82,1
3550,55,1
3551,39,2
3552,46,2
3553,33,1
3554,39,2
3555,37,3
3556,28,3
3557,41,2
3558,39,3
3559,27,5
3560,39,2
3561,46,1
3562,38,1
3563,54,2
3564,25,29
3565,37,2
3566,28,3
3567,53,1
3568,58,2
3569,31,22
3570,42,1
3571,37,3
3572,37,3
3573,24,3
3574,33,17
3575,59,2
3576,60,1
3577,31,1
3578,38,1
3579,35,3
3580,26,1
3581,52,1
3582,35,2
3583,42,1
3584,46,2
3585,40,6
3586,58,2
3587,52,6
3588,30,1
3589,44,3
3590,53,1
3591,30,7
3592,43,1
3593,39,6
3594,43,1
3595,57,1
3596,37,2
3597,32,1
3598,40,1
3599,41,3
3600,46,3
3601,33,2
3602,49,7
3603,52,1
3604,31,1
3605,32,1
3606,37,11
3607,45,3
3608,39,1
3609,28,2
3610,45,1
3611,33,2
3612,37,9
3613,34,1
3614,39,3
3615,31,2
3616,41,2
3617,55,2
3618,49,1
3619,36,1
3620,26,6
3621,46,2
3622,38,9
3623,40,4
3624,38,5
3625,49,2
3626,51,3
3627,41,1
3628,42,1
3629,32,1
3630,37,4
3631,46,3
3632,33,4
3633,68,2
3634,41,1
3635,32,2
3636,29,6
3637,36,1
3638,37,7
3639,57,1
3640,40,2
3641,36,1
3642,33,2
3643,53,1
3644,56,1
3645,33,1
3646,48,4
3647,38,10
3648,22,2
3649,50,9
3650,58,1
3651,56,5
3652,53,3
3653,41,2
3654,80,5
3655,50,1
3656,33,1
3657,29,1
3658,45,1
3659,22,1
3660,34,4
3661,35,1
3662,46,2
3663,47,3
3664,33,1
3665,51,2
3666,38,1
3667,58,1
3668,49,3
3669,45,1
3670,42,5
3671,31,1
3672,45,2
3673,24,2
3674,37,4
3675,27,3
3676,48,5
3677,46,1
3678,57,2
3679,56,3
3680,33,1
3681,42,4
3682,53,1
3683,54,2
3684,28,6
3685,38,5
3686,45,1
3687,30,2
3688,55,1
3689,45,1
3690,25,4
3691,54,4
3692,43,2
3693,28,3
3694,33,1
3695,48,4
3696,36,1
3697,38,2
3698,42,1
3699,24,3
3700,33,1
3701,34,1
3702,56,2
3703,52,1
3704,29,1
3705,54,1
3706,43,2
3707,60,3
3708,49,1
3709,51,2
3710,34,1
3711,32,2
3712,31,1
3713,54,1
3714,31,1
3715,35,4
3716,44,4
3717,63,4
3718,28,3
3719,56,1
3720,31,2
3721,33,3
3722,25,1
3723,44,1
3724,54,2
3725,32,1
3726,54,4
3727,32,2
3728,46,1
3729,57,1
3730,30,1
3731,54,3
3732,48,2
3733,28,1
3734,37,2
3735,40,1
3736,28,1
3737,41,1
3738,27,1
3739,45,1
3740,45,1
3741,43,4
3742,35,1
3743,36,1
3744,47,2
3745,57,3
3746,27,3
3747,64,4
3748,29,1
3749,45,2
3750,26,2
3751,54,5
3752,29,2
3753,39,2
3754,46,1
3755,44,4
3756,36,1
3757,59,2
3758,56,1
3759,33,9
3760,51,3
3761,59,1
3762,31,1
3763,46,2
3764,21,6
3765,33,1
3766,46,3
3767,24,17
3768,35,2
3769,32,4
3770,35,1
3771,32,3
3772,34,5
3773,47,4
3774,60,2
3775,43,3
3776,58,1
3777,31,1
3778,38,2
3779,35,1
3780,34,1
3781,31,4
3782,30,2
3783,49,1
3784,41,4
3785,53,1
3786,45,2
3787,58,4
3788,46,3
3789,56,2
3790,28,2
3791,38,1
3792,32,2
3793,36,1
3794,27,2
3795,46,1
3796,40,1
3797,31,1
3798,45,1
3799,49,3
3800,52,3
3801,53,1
3802,26,1
3803,48,2
3804,32,2
3805,34,1
3806,35,1
3807,38,4
3808,53,3
3809,44,1
3810,53,2
3811,39,1
3812,38,3
3813,33,2
3814,37,2
3815,29,1
3816,33,2
3817,33,2
3818,28,2
3819,26,8
3820,35,1
3821,46,7
3822,43,6
3823,45,1
3824,50,5
3825,42,1
3826,28,2
3827,36,1
3828,28,2
3829,49,1
3830,25,1
3831,43,2
3832,36,16
3833,34,6
3834,34,2
3835,56,4
3836,34,1
3837,28,5
3838,52,3
3839,38,1
3840,32,7
3841,55,6
3842,33,2
3843,33,1
3844,48,1
3845,36,2
3846,33,1
3847,40,1
3848,29,4
3849,55,2
3850,53,2
3851,28,1
3852,30,1
3853,38,1
3854,32,2
3855,55,2
3856,40,4
3857,33,1
3858,33,1
3859,48,2
3860,57,2
3861,46,3
3862,52,1
3863,32,1
3864,27,2
3865,41,1
3866,38,1
3867,31,3
3868,33,1
3869,27,2
3870,43,1
3871,36,2
3872,38,1
3873,50,1
3874,54,1
3875,72,1
3876,48,1
3877,54,17
3878,31,2
3879,50,6
3880,40,2
3881,29,2
3882,68,1
3883,47,1
3884,30,2
3885,34,2
3886,52,1
3887,30,1
3888,37,2
3889,32,1
3890,43,5
3891,31,1
3892,29,3
3893,34,16
3894,47,7
3895,38,8
3896,42,2
3897,33,4
3898,55,4
3899,46,4
3900,50,5
3901,34,1
3902,34,3
3903,26,1
3904,34,4
3905,30,2
3906,27,1
3907,38,3
3908,45,1
3909,50,2
3910,31,5
3911,29,6
3912,41,6
3913,45,1
3914,32,2
3915,38,2
3916,52,1
3917,37,1
3918,33,2
3919,57,1
3920,33,1
3921,41,2
3922,31,1
3923,49,6
3924,35,6
3925,55,1
3926,42,4
3927,29,2
3928,51,1
3929,35,2
3930,45,1
3931,41,13
3932,44,2
3933,66,2
3934,39,2
3935,47,1
3936,42,6
3937,25,1
3938,58,1
3939,71,2
3940,48,1
3941,30,1
3942,24,3
3943,27,2
3944,45,2
3945,29,1
3946,26,2
3947,36,2
3948,54,5
3949,54,1
3950,42,3
3951,49,1
3952,28,2
3953,52,2
3954,26,2
3955,54,3
3956,58,1
3957,28,2
3958,32,2
3959,48,2
3960,28,2
3961,37,1
3962,31,1
3963,41,2
3964,52,3
3965,35,3
3966,40,1
3967,32,2
3968,24,1
3969,39,3
3970,73,2
3971,28,3
3972,29,1
3973,43,3
3974,31,5
3975,41,5
3976,61,2
3977,30,1
3978,50,2
3979,30,3
3980,43,6
3981,32,5
3982,47,2
3983,43,3
3984,34,1
3985,52,1
3986,30,4
3987,35,1
3988,39,1
3989,30,3
3990,47,2
3991,44,5
3992,33,1
3993,43,1
3994,39,2
3995,42,1
3996,55,2
3997,56,4
3998,66,3
3999,30,1
4000,34,1
4001,38,1
4002,39,1
4003,27,2
4004,27,2
4005,35,5
4006,35,3
4007,53,2
4008,37,3
4009,33,1
4010,54,2
4011,39,3
4012,45,7
4013,33,1
4014,36,2
4015,27,1
4016,42,1
4017,38,1
4018,44,1
4019,23,2
4020,50,2
4021,54,1
4022,38,2
4023,33,3
4024,31,1
4025,44,8
4026,26,1
4027,35,1
4028,31,1
4029,56,2
4030,37,1
4031,57,2
4032,46,1
4033,49,3
4034,74,3
4035,31,3
4036,38,5
4037,37,1
4038,56,2
4039,35,3
4040,46,3
4041,30,3
4042,40,4
4043,54,3
4044,32,2
4045,34,2
4046,35,1
4047,38,2
4048,42,2
4049,49,6
4050,27,2
4051,52,2
4052,54,3
4053,59,1
4054,48,1
4055,47,2
4056,27,1
4057,41,2
4058,47,1
4059,36,2
4060,40,2
4061,57,3
4062,31,7
4063,65,2
4064,60,8
4065,53,2
4066,81,1
4067,81,4
4068,47,2
4069,60,2
4070,55,2
4071,70,1
4072,32,1
4073,31,2
4074,46,1
4075,36,2
4076,68,3
4077,31,4
4078,52,3
4079,58,1
4080,54,1
4081,40,3
4082,44,2
4083,42,2
4084,30,11
4085,42,2
4086,54,2
4087,29,1
4088,47,1
4089,25,1
4090,43,2
4091,38,2
4092,30,1
4093,56,3
4094,62,1
4095,36,2
4096,33,2
4097,41,1
4098,34,3
4099,58,1
4100,41,1
4101,35,5
4102,31,2
4103,43,1
4104,42,1
4105,47,2
4106,45,3
4107,36,11
4108,32,5
4109,63,1
4110,53,2
4111,30,1
4112,31,1
4113,31,1
4114,30,1
4115,39,1
4116,27,2
4117,58,1
4118,34,1
